method,fold,gold,pred,matched,precision,recall,f1
baseline,0,13,10,10,1.0000,0.7692,0.8696
baseline,1,8,5,5,1.0000,0.6250,0.7692
baseline,2,15,12,12,1.0000,0.8000,0.8889
baseline,3,10,7,7,1.0000,0.7000,0.8235
baseline,4,18,15,15,1.0000,0.8333,0.9091
ml_classifier,0,13,52,13,0.2500,1.0000,0.4000
ml_classifier,1,8,44,6,0.1364,0.7500,0.2308
ml_classifier,2,15,55,12,0.2182,0.8000,0.3429
ml_classifier,3,10,36,8,0.2222,0.8000,0.3478
ml_classifier,4,18,41,16,0.3902,0.8889,0.5424
llm_local,0,13,33,1,0.0303,0.0769,0.0435
llm_local,1,8,27,0,0.0000,0.0000,0.0000
llm_local,2,15,17,1,0.0588,0.0667,0.0625
llm_local,3,10,37,1,0.0270,0.1000,0.0426
llm_local,4,18,18,4,0.2222,0.2222,0.2222
